{"main":{"language":"en","lastHostname":"jubilee.local","darkTheme":true,"useBinaryPrefix":true,"disableAutoComplete":false,"settingsStorageLocal":false,"settingsSaveDelay":2000,"cacheStorageLocal":true,"cacheSaveDelay":4000,"notifications":{"errorsPersistent":true,"timeout":5000},"webcam":{"url":"http://jubilee.local:8080/?action=stream","updateInterval":5000,"liveUrl":"","useFix":false,"embedded":true,"rotation":0,"flip":"none"}},"machine":{"ajaxRetries":2,"updateInterval":250,"extendedUpdateEvery":20,"fileTransferRetryThreshold":358400,"crcUploads":true,"pingInterval":2000,"babystepAmount":0.05,"codes":["G0 Y0 F3000","G0 Y0 F3500","G0 Y0 F4000","G0 Y250 F3000","G0 Y250 F3500","G1  X0 Y0","G1  X150 Y150","G1 B-10 H1","G1 B-25","G1 B0","G1 B10 H1","G1 B46","G1 B46 F2000","G1 B50","G1 E100 F100","G1 X-10 F350 H1","G1 X-100 F350 H1","G1 X10 F350 H1","G1 X150 Y150","G1 X22 Y0","G1 X300 Y300","G1 X5 F100 H1","G1 Y-10 F350 H1","G1 Y-100 F350 H1","G1 Y0","G1 Y10 F350 H1","G1 Z-100 F350 H1","G1 Z0","G1 Z10","G1 Z10 F350 H1","G1 Z100","G1 Z30","G1 x150 y150","G1 z1","G1 z100","G10 P0","G10 P1","G28","G29 S1","G32","G91","G91 G1 B-1","G91 G1 B1","G91\\","M0","M1","M106 P2 S0","M111","M115","M115 B0","M115 B1","M115 B121","M115 B20","M115 B21","M115bB121","M122","M205 X10 Y10","M303","M303 H0 S60","M307 H0","M350 U2 I1","M500","M563 P0","M563 P1","M564 H0","M566","M566 X10 Y10","M566 X800 Y800","M569 P1.0 S0","M572 D0","M572 D1","M582 T1","M84","M92 B50","M92 B60","M92 B65","M92 B70","M92 B83","M92 B98","M92 U5.75","M952 B121 A20","M952 B121 A21","M98 P\"/sys/config.g\"","M997 B1","M997 B121","M997 B20","M997 B21","M999 B121","T-1","T-1 P0","T-1 p0","T0","T0 P0","T1 P0","g0 x150 y150","g1 X10 F350 H1","g1 Z-10 F100 H1","g1 Z10 F100 H1","g1 z20","g10","g10 p0","g32","g91","h307","m106","m115 b1","m119","m503","m999","t-1","t-1 p0"],"displayedExtraTemperatures":[],"displayedExtruders":[0,1],"displayedFans":[-1],"moveSteps":{"X":[100,50,10,1,0.1],"Y":[100,50,10,1,0.1],"Z":[50,25,5,0.5,0.05],"default":[100,50,10,1,0.1]},"moveFeedrate":6000,"extruderAmounts":[100,50,20,10,5,1],"extruderFeedrates":[60,30,15,5,1],"temperatures":{"tool":{"active":[250,235,220,205,195,160,120,100,0],"standby":[210,180,160,140,0]},"bed":{"active":[110,100,90,70,65,60,0],"standby":[40,30,0]},"chamber":[90,80,70,60,50,40,0]},"spindleRPM":[10000,75000,5000,2500,1000,0]}}